[{"uid":"bltbb15e28317c9c9b1","content_type":"image/svg+xml","file_size":"2584878","tags":[],"filename":"Map_of_Birmingham_(City).svg","url":"https://images.contentstack.io/v3/assets/bltd5108a60cd620ec1/bltbb15e28317c9c9b1/6033983854bb3918e6be0255/Map_of_Birmingham_(City).svg","ACL":{},"is_dir":false,"parent_uid":"blt51651fb12ee0584e","_version":1,"title":"Map_of_Birmingham_(City).svg","publish_details":[{"environment":"blt6f4046f0d8dea679","locale":"en-us","time":"2021-03-05T07:16:57.587Z","user":"bltf01cfddcefa2394d","version":4},{"environment":"blt3dfe0ed2ddf5fb14","locale":"en-us","time":"2021-03-05T07:16:57.587Z","user":"bltf01cfddcefa2394d","version":4}]},{"uid":"bltbb15e28317c9c9b1","content_type":"image/svg+xml","file_size":"2584878","tags":[],"filename":"Map_of_Birmingham_(City).svg","url":"https://images.contentstack.io/v3/assets/bltd5108a60cd620ec1/bltbb15e28317c9c9b1/6033983854bb3918e6be0255/Map_of_Birmingham_(City).svg","ACL":{},"is_dir":false,"parent_uid":"blt51651fb12ee0584e","_version":2,"title":"map-of-birmingham-city.svg","description":"","publish_details":[{"environment":"blt6f4046f0d8dea679","locale":"en-us","time":"2021-03-05T07:16:57.587Z","user":"bltf01cfddcefa2394d","version":4},{"environment":"blt3dfe0ed2ddf5fb14","locale":"en-us","time":"2021-03-05T07:16:57.587Z","user":"bltf01cfddcefa2394d","version":4}]},{"uid":"bltbb15e28317c9c9b1","content_type":"image/svg+xml","file_size":"2584878","tags":[],"filename":"map-of-brimingham-city.svg","url":"https://images.contentstack.io/v3/assets/bltd5108a60cd620ec1/bltbb15e28317c9c9b1/6041d72d08636f3d7749b45d/map-of-brimingham-city.svg","ACL":{},"is_dir":false,"parent_uid":"blt51651fb12ee0584e","_version":3,"title":"map-of-birmingham-city.svg","description":"","publish_details":[{"environment":"blt6f4046f0d8dea679","locale":"en-us","time":"2021-03-05T07:16:57.587Z","user":"bltf01cfddcefa2394d","version":4},{"environment":"blt3dfe0ed2ddf5fb14","locale":"en-us","time":"2021-03-05T07:16:57.587Z","user":"bltf01cfddcefa2394d","version":4}]},{"uid":"bltbb15e28317c9c9b1","content_type":"image/svg+xml","file_size":"2584878","tags":[],"filename":"map-of-brimingham-city.svg","url":"https://images.contentstack.io/v3/assets/bltd5108a60cd620ec1/bltbb15e28317c9c9b1/6041d72d08636f3d7749b45d/map-of-brimingham-city.svg","ACL":{},"is_dir":false,"parent_uid":"blt51651fb12ee0584e","_version":4,"title":"Map Of Birmingham City","description":"","publish_details":[{"environment":"blt6f4046f0d8dea679","locale":"en-us","time":"2021-03-05T07:16:57.587Z","user":"bltf01cfddcefa2394d","version":4},{"environment":"blt3dfe0ed2ddf5fb14","locale":"en-us","time":"2021-03-05T07:16:57.587Z","user":"bltf01cfddcefa2394d","version":4}]}]