[{"uid":"blte1b183b2af3eced1","content_type":"image/svg+xml","file_size":"48517","tags":[],"filename":"pierre-cox.svg","url":"https://images.contentstack.io/v3/assets/bltd5108a60cd620ec1/blte1b183b2af3eced1/6041e05d7b7aea45bd9f5aa6/pierre-cox.svg","ACL":{},"is_dir":false,"parent_uid":"blt8d564f31a6865f94","_version":1,"title":"pierre-cox.svg","publish_details":[{"environment":"blt3dfe0ed2ddf5fb14","locale":"en-us","time":"2021-03-05T07:43:56.894Z","user":"bltd5d70bb484fce3ae","version":1},{"environment":"blt6f4046f0d8dea679","locale":"en-us","time":"2021-03-05T07:43:56.901Z","user":"bltd5d70bb484fce3ae","version":1}]}]