{"bltd2de964ceb89fc1b":{"name":"Components","parent":[],"ACL":[],"_version":1,"content_types":["footer","header"],"uid":"bltd2de964ceb89fc1b","created_by":"blt3167f0a16386ed8e","updated_by":"blt3167f0a16386ed8e","created_at":"2021-02-09T07:31:30.586Z","updated_at":"2021-02-09T07:31:30.586Z"},"bltfc6b250041a0c2c9":{"name":"Blog","parent":[],"ACL":[],"_version":1,"content_types":["author","blog_post","page"],"uid":"bltfc6b250041a0c2c9","created_by":"blt3167f0a16386ed8e","updated_by":"blt3167f0a16386ed8e","created_at":"2021-02-09T07:31:29.273Z","updated_at":"2021-02-09T07:31:29.273Z"},"blt2a105694dc26ea02":{"name":"Pages","parent":[],"ACL":[],"_version":1,"content_types":["page"],"uid":"blt2a105694dc26ea02","created_by":"blt3167f0a16386ed8e","updated_by":"blt3167f0a16386ed8e","created_at":"2021-02-09T07:31:27.885Z","updated_at":"2021-02-09T07:31:27.885Z"}}