[{"uid":"blta5609164a5f6ac50","content_type":"image/svg+xml","file_size":"76596","tags":[],"filename":"our-story.svg","url":"https://images.contentstack.io/v3/assets/bltd5108a60cd620ec1/blta5609164a5f6ac50/6041e05d7d801145b7fb8315/our-story.svg","ACL":{},"is_dir":false,"parent_uid":"blt8d564f31a6865f94","_version":1,"title":"our-story.svg","publish_details":[{"environment":"blt3dfe0ed2ddf5fb14","locale":"en-us","time":"2021-03-05T07:43:56.848Z","user":"bltd5d70bb484fce3ae","version":1},{"environment":"blt6f4046f0d8dea679","locale":"en-us","time":"2021-03-05T07:43:56.855Z","user":"bltd5d70bb484fce3ae","version":1}]}]