[{"uid":"blt184018807552b966","content_type":"image/svg+xml","file_size":"706","tags":[],"filename":"bucket1.svg","url":"https://images.contentstack.io/v3/assets/bltd5108a60cd620ec1/blt184018807552b966/6026300072d7cb70d82efce9/bucket1.svg","ACL":{},"is_dir":false,"parent_uid":"bltec4c6535e1052248","_version":1,"title":"bucket1.svg","publish_details":[{"environment":"blt3dfe0ed2ddf5fb14","locale":"en-us","time":"2021-02-12T07:38:30.714Z","user":"bltf01cfddcefa2394d","version":1},{"environment":"blt6f4046f0d8dea679","locale":"en-us","time":"2021-02-12T07:38:30.724Z","user":"bltf01cfddcefa2394d","version":1}]}]