[{"uid":"blteb7f9b3b97757f80","content_type":"image/svg+xml","file_size":"405","tags":[],"filename":"Instagram.svg","url":"https://images.contentstack.io/v3/assets/bltd5108a60cd620ec1/blteb7f9b3b97757f80/6026a3160aba28200698381e/Instagram.svg","ACL":{},"is_dir":false,"parent_uid":"bltec4c6535e1052248","_version":1,"title":"Instagram.svg","publish_details":[{"environment":"blt3dfe0ed2ddf5fb14","locale":"en-us","time":"2021-02-12T15:51:35.660Z","user":"bltf01cfddcefa2394d","version":2},{"environment":"blt6f4046f0d8dea679","locale":"en-us","time":"2021-02-12T15:51:35.669Z","user":"bltf01cfddcefa2394d","version":2}]},{"uid":"blteb7f9b3b97757f80","content_type":"image/svg+xml","file_size":"806","tags":[],"filename":"Instagram.svg","url":"https://images.contentstack.io/v3/assets/bltd5108a60cd620ec1/blteb7f9b3b97757f80/6026a37565b2902278abaa3f/Instagram.svg","ACL":{},"is_dir":false,"parent_uid":"bltec4c6535e1052248","_version":2,"title":"Instagram.svg","description":"","publish_details":[{"environment":"blt3dfe0ed2ddf5fb14","locale":"en-us","time":"2021-02-12T15:51:35.660Z","user":"bltf01cfddcefa2394d","version":2},{"environment":"blt6f4046f0d8dea679","locale":"en-us","time":"2021-02-12T15:51:35.669Z","user":"bltf01cfddcefa2394d","version":2}]}]