{"blt2895af1d1027806b":{"uid":"blt2895af1d1027806b","content_type":"image/svg+xml","file_size":"49454","tags":[],"filename":"help-for-the-next-step.svg","url":"https://images.contentstack.io/v3/assets/bltd5108a60cd620ec1/blt2895af1d1027806b/60421b371a42e25ce54e7a28/help-for-the-next-step.svg","ACL":{"roles":[],"others":{"read":false,"create":false,"update":false,"delete":false,"sub_acl":{"read":false,"create":false,"update":false,"delete":false,"publish":false}}},"is_dir":false,"parent_uid":"blt5c54c0ec56cedfde","_version":1,"title":"help-for-the-next-step.svg","publish_details":[{"environment":"blt3dfe0ed2ddf5fb14","locale":"en-us","time":"2021-03-08T07:49:42.349Z","user":"bltf01cfddcefa2394d","version":1},{"environment":"blt6f4046f0d8dea679","locale":"en-us","time":"2021-03-08T07:49:42.349Z","user":"bltf01cfddcefa2394d","version":1}]},"blt51928c2a1014f585":{"uid":"blt51928c2a1014f585","content_type":"image/svg+xml","file_size":"1314","tags":[],"filename":"cloud-computing.svg","url":"https://images.contentstack.io/v3/assets/bltd5108a60cd620ec1/blt51928c2a1014f585/6041f8d52d310e5a62e17de9/cloud-computing.svg","ACL":{"roles":[],"others":{"read":false,"create":false,"update":false,"delete":false,"sub_acl":{"read":false,"create":false,"update":false,"delete":false,"publish":false}}},"is_dir":false,"parent_uid":"blt5c54c0ec56cedfde","_version":2,"title":"Cloud Computing","description":"","publish_details":[{"environment":"blt3dfe0ed2ddf5fb14","locale":"en-us","time":"2021-03-05T09:24:44.475Z","user":"bltf01cfddcefa2394d","version":2},{"environment":"blt6f4046f0d8dea679","locale":"en-us","time":"2021-03-05T09:24:44.476Z","user":"bltf01cfddcefa2394d","version":2}]},"bltef243c1cb468ec45":{"uid":"bltef243c1cb468ec45","content_type":"image/svg+xml","file_size":"1053","tags":[],"filename":"security.svg","url":"https://images.contentstack.io/v3/assets/bltd5108a60cd620ec1/bltef243c1cb468ec45/6041f84afef76d094c701db8/security.svg","ACL":{"roles":[],"others":{"read":false,"create":false,"update":false,"delete":false,"sub_acl":{"read":false,"create":false,"update":false,"delete":false,"publish":false}}},"is_dir":false,"parent_uid":"blt5c54c0ec56cedfde","_version":2,"title":"Security","description":"","publish_details":[{"environment":"blt3dfe0ed2ddf5fb14","locale":"en-us","time":"2021-03-05T09:22:24.274Z","user":"bltf01cfddcefa2394d","version":2},{"environment":"blt6f4046f0d8dea679","locale":"en-us","time":"2021-03-05T09:22:24.275Z","user":"bltf01cfddcefa2394d","version":2}]},"blt698a4e06163f797c":{"uid":"blt698a4e06163f797c","content_type":"image/svg+xml","file_size":"706","tags":[],"filename":"artificial-intelligence.svg","url":"https://images.contentstack.io/v3/assets/bltd5108a60cd620ec1/blt698a4e06163f797c/6041f878a8c6585cda24b91d/artificial-intelligence.svg","ACL":{"roles":[],"others":{"read":false,"create":false,"update":false,"delete":false,"sub_acl":{"read":false,"create":false,"update":false,"delete":false,"publish":false}}},"is_dir":false,"parent_uid":"blt5c54c0ec56cedfde","_version":2,"title":"Artificial Intelligence.svg","description":"","publish_details":[{"environment":"blt3dfe0ed2ddf5fb14","locale":"en-us","time":"2021-03-05T09:23:52.906Z","user":"bltf01cfddcefa2394d","version":2},{"environment":"blt6f4046f0d8dea679","locale":"en-us","time":"2021-03-05T09:23:52.906Z","user":"bltf01cfddcefa2394d","version":2}]},"blt63f5a02088da128f":{"uid":"blt63f5a02088da128f","content_type":"image/svg+xml","file_size":"55212","tags":[],"filename":"alden-cantrell.svg","url":"https://images.contentstack.io/v3/assets/bltd5108a60cd620ec1/blt63f5a02088da128f/6041e05df9638443346d500c/alden-cantrell.svg","ACL":{"roles":[],"others":{"read":false,"create":false,"update":false,"delete":false,"sub_acl":{"read":false,"create":false,"update":false,"delete":false,"publish":false}}},"is_dir":false,"parent_uid":"blt8d564f31a6865f94","_version":1,"title":"alden-cantrell.svg","publish_details":[{"environment":"blt3dfe0ed2ddf5fb14","locale":"en-us","time":"2021-03-05T07:43:56.878Z","user":"bltd5d70bb484fce3ae","version":1},{"environment":"blt6f4046f0d8dea679","locale":"en-us","time":"2021-03-05T07:43:56.885Z","user":"bltd5d70bb484fce3ae","version":1}]},"blt7822722c7fd7f967":{"uid":"blt7822722c7fd7f967","content_type":"image/svg+xml","file_size":"54029","tags":[],"filename":"winning-digital-strategy.svg","url":"https://images.contentstack.io/v3/assets/bltd5108a60cd620ec1/blt7822722c7fd7f967/6041f72cfa12da5a616574eb/winning-digital-strategy.svg","ACL":{"roles":[],"others":{"read":false,"create":false,"update":false,"delete":false,"sub_acl":{"read":false,"create":false,"update":false,"delete":false,"publish":false}}},"is_dir":false,"parent_uid":"blt5c54c0ec56cedfde","_version":3,"title":"Winning Digital Strategy","description":"","publish_details":[{"environment":"blt6f4046f0d8dea679","locale":"en-us","time":"2021-03-05T09:18:09.818Z","user":"bltf01cfddcefa2394d","version":3},{"environment":"blt3dfe0ed2ddf5fb14","locale":"en-us","time":"2021-03-05T09:18:09.818Z","user":"bltf01cfddcefa2394d","version":3}]},"blta5609164a5f6ac50":{"uid":"blta5609164a5f6ac50","content_type":"image/svg+xml","file_size":"76596","tags":[],"filename":"our-story.svg","url":"https://images.contentstack.io/v3/assets/bltd5108a60cd620ec1/blta5609164a5f6ac50/6041e05d7d801145b7fb8315/our-story.svg","ACL":{"roles":[],"others":{"read":false,"create":false,"update":false,"delete":false,"sub_acl":{"read":false,"create":false,"update":false,"delete":false,"publish":false}}},"is_dir":false,"parent_uid":"blt8d564f31a6865f94","_version":1,"title":"our-story.svg","publish_details":[{"environment":"blt3dfe0ed2ddf5fb14","locale":"en-us","time":"2021-03-05T07:43:56.848Z","user":"bltd5d70bb484fce3ae","version":1},{"environment":"blt6f4046f0d8dea679","locale":"en-us","time":"2021-03-05T07:43:56.855Z","user":"bltd5d70bb484fce3ae","version":1}]},"blte1b183b2af3eced1":{"uid":"blte1b183b2af3eced1","content_type":"image/svg+xml","file_size":"48517","tags":[],"filename":"pierre-cox.svg","url":"https://images.contentstack.io/v3/assets/bltd5108a60cd620ec1/blte1b183b2af3eced1/6041e05d7b7aea45bd9f5aa6/pierre-cox.svg","ACL":{"roles":[],"others":{"read":false,"create":false,"update":false,"delete":false,"sub_acl":{"read":false,"create":false,"update":false,"delete":false,"publish":false}}},"is_dir":false,"parent_uid":"blt8d564f31a6865f94","_version":1,"title":"pierre-cox.svg","publish_details":[{"environment":"blt3dfe0ed2ddf5fb14","locale":"en-us","time":"2021-03-05T07:43:56.894Z","user":"bltd5d70bb484fce3ae","version":1},{"environment":"blt6f4046f0d8dea679","locale":"en-us","time":"2021-03-05T07:43:56.901Z","user":"bltd5d70bb484fce3ae","version":1}]},"blt92b58c31fd229439":{"uid":"blt92b58c31fd229439","content_type":"image/svg+xml","file_size":"154333","tags":[],"filename":"cierra-vega.svg","url":"https://images.contentstack.io/v3/assets/bltd5108a60cd620ec1/blt92b58c31fd229439/6041db1a08636f3d7749b463/cierra-vega.svg","ACL":{"roles":[],"others":{"read":false,"create":false,"update":false,"delete":false,"sub_acl":{"read":false,"create":false,"update":false,"delete":false,"publish":false}}},"is_dir":false,"parent_uid":"blt8d564f31a6865f94","_version":2,"title":"Cierra Vega","description":"","publish_details":[{"environment":"blt3dfe0ed2ddf5fb14","locale":"en-us","time":"2021-03-05T07:43:56.863Z","user":"bltd5d70bb484fce3ae","version":2},{"environment":"blt6f4046f0d8dea679","locale":"en-us","time":"2021-03-05T07:43:56.870Z","user":"bltd5d70bb484fce3ae","version":2}]},"blt7f5c978f5f8953d4":{"uid":"blt7f5c978f5f8953d4","content_type":"image/svg+xml","file_size":"128164","tags":[],"filename":"thomas-crane.svg","url":"https://images.contentstack.io/v3/assets/bltd5108a60cd620ec1/blt7f5c978f5f8953d4/6041e05d982f2a0bdaf5ba38/thomas-crane.svg","ACL":{"roles":[],"others":{"read":false,"create":false,"update":false,"delete":false,"sub_acl":{"read":false,"create":false,"update":false,"delete":false,"publish":false}}},"is_dir":false,"parent_uid":"blt8d564f31a6865f94","_version":1,"title":"thomas-crane.svg","publish_details":[{"environment":"blt3dfe0ed2ddf5fb14","locale":"en-us","time":"2021-03-05T07:43:56.909Z","user":"bltd5d70bb484fce3ae","version":1},{"environment":"blt6f4046f0d8dea679","locale":"en-us","time":"2021-03-05T07:43:56.916Z","user":"bltd5d70bb484fce3ae","version":1}]},"blt6d1c5eef704fe89f":{"uid":"blt6d1c5eef704fe89f","content_type":"image/svg+xml","file_size":"125471","tags":[],"filename":"about-us.svg","url":"https://images.contentstack.io/v3/assets/bltd5108a60cd620ec1/blt6d1c5eef704fe89f/6041e0acfa12da5a6165749b/about-us.svg","ACL":{"roles":[],"others":{"read":false,"create":false,"update":false,"delete":false,"sub_acl":{"read":false,"create":false,"update":false,"delete":false,"publish":false}}},"is_dir":false,"parent_uid":"blt8d564f31a6865f94","_version":1,"title":"about-us.svg","publish_details":[{"environment":"blt3dfe0ed2ddf5fb14","locale":"en-us","time":"2021-03-05T07:43:56.832Z","user":"bltd5d70bb484fce3ae","version":1},{"environment":"blt6f4046f0d8dea679","locale":"en-us","time":"2021-03-05T07:43:56.840Z","user":"bltd5d70bb484fce3ae","version":1}]},"blt97d648c2cc948791":{"uid":"blt97d648c2cc948791","content_type":"image/jpeg","file_size":"35323","tags":[],"filename":"Zora_Neale_Hurston_Headshot.jpg","url":"https://images.contentstack.io/v3/assets/bltd5108a60cd620ec1/blt97d648c2cc948791/602239aff14804226739fe83/Zora_Neale_Hurston_Headshot.jpg","ACL":{"roles":[],"others":{"read":false,"create":false,"update":false,"delete":false,"sub_acl":{"read":false,"create":false,"update":false,"delete":false,"publish":false}}},"is_dir":false,"parent_uid":"bltb694a1c53fb70657","_version":2,"title":"Zora Neale Hurston","description":"","publish_details":[{"environment":"blt3dfe0ed2ddf5fb14","locale":"en-us","time":"2021-03-05T09:07:34.299Z","user":"bltf01cfddcefa2394d","version":2},{"environment":"blt6f4046f0d8dea679","locale":"en-us","time":"2021-03-05T09:07:34.299Z","user":"bltf01cfddcefa2394d","version":2}]},"blt4df07afdb0369bc1":{"uid":"blt4df07afdb0369bc1","content_type":"image/png","file_size":"99632","tags":[],"filename":"Charlotte_Bronte_Headshot.png","url":"https://images.contentstack.io/v3/assets/bltd5108a60cd620ec1/blt4df07afdb0369bc1/602239d41fd73f7c38ff8a72/Charlotte_Bronte_Headshot.png","ACL":{"roles":[],"others":{"read":false,"create":false,"update":false,"delete":false,"sub_acl":{"read":false,"create":false,"update":false,"delete":false,"publish":false}}},"is_dir":false,"parent_uid":"bltb694a1c53fb70657","_version":2,"title":"Charlotte Bronte","description":"","publish_details":[{"environment":"blt3dfe0ed2ddf5fb14","locale":"en-us","time":"2021-03-05T09:08:12.876Z","user":"bltf01cfddcefa2394d","version":2},{"environment":"blt6f4046f0d8dea679","locale":"en-us","time":"2021-03-05T09:08:12.876Z","user":"bltf01cfddcefa2394d","version":2}]},"blt6e022c2f716de053":{"uid":"blt6e022c2f716de053","content_type":"image/jpeg","file_size":"26414","tags":[],"filename":"W._E._B._Du_Bois_Headshot.jpg","url":"https://images.contentstack.io/v3/assets/bltd5108a60cd620ec1/blt6e022c2f716de053/602239b52bea440c55e7817c/W._E._B._Du_Bois_Headshot.jpg","ACL":{"roles":[],"others":{"read":false,"create":false,"update":false,"delete":false,"sub_acl":{"read":false,"create":false,"update":false,"delete":false,"publish":false}}},"is_dir":false,"parent_uid":"bltb694a1c53fb70657","_version":2,"title":"W.E. B. Du Bois","description":"","publish_details":[{"environment":"blt3dfe0ed2ddf5fb14","locale":"en-us","time":"2021-03-05T09:09:31.465Z","user":"bltf01cfddcefa2394d","version":2},{"environment":"blt6f4046f0d8dea679","locale":"en-us","time":"2021-03-05T09:09:31.465Z","user":"bltf01cfddcefa2394d","version":2}]},"bltd912e3e61c6c8ad1":{"uid":"bltd912e3e61c6c8ad1","content_type":"image/jpeg","file_size":"32081","tags":[],"filename":"Charles_Dickens_Headshot.jpg","url":"https://images.contentstack.io/v3/assets/bltd5108a60cd620ec1/bltd912e3e61c6c8ad1/602239d0f4913f3777094971/Charles_Dickens_Headshot.jpg","ACL":{"roles":[],"others":{"read":false,"create":false,"update":false,"delete":false,"sub_acl":{"read":false,"create":false,"update":false,"delete":false,"publish":false}}},"is_dir":false,"parent_uid":"bltb694a1c53fb70657","_version":2,"title":"Charles Dickens","description":"","publish_details":[{"environment":"blt3dfe0ed2ddf5fb14","locale":"en-us","time":"2021-03-05T09:08:40.607Z","user":"bltf01cfddcefa2394d","version":2},{"environment":"blt6f4046f0d8dea679","locale":"en-us","time":"2021-03-05T09:08:40.607Z","user":"bltf01cfddcefa2394d","version":2}]},"bltffed837d695021c9":{"uid":"bltffed837d695021c9","content_type":"image/jpeg","file_size":"41768","tags":[],"filename":"Maya_Angelou_Headshot.jpg","url":"https://images.contentstack.io/v3/assets/bltd5108a60cd620ec1/bltffed837d695021c9/602239aa0a9d8237b15ece9b/Maya_Angelou_Headshot.jpg","ACL":{"roles":[],"others":{"read":false,"create":false,"update":false,"delete":false,"sub_acl":{"read":false,"create":false,"update":false,"delete":false,"publish":false}}},"is_dir":false,"parent_uid":"bltb694a1c53fb70657","_version":2,"title":"Maya Angelou","description":"","publish_details":[{"environment":"blt3dfe0ed2ddf5fb14","locale":"en-us","time":"2021-03-05T09:10:00.747Z","user":"bltf01cfddcefa2394d","version":2},{"environment":"blt6f4046f0d8dea679","locale":"en-us","time":"2021-03-05T09:10:00.747Z","user":"bltf01cfddcefa2394d","version":2}]},"blt560e8a41fa9d382e":{"uid":"blt560e8a41fa9d382e","content_type":"image/svg+xml","file_size":"11085","tags":[],"filename":"company-logo.svg","url":"https://images.contentstack.io/v3/assets/bltd5108a60cd620ec1/blt560e8a41fa9d382e/6041f3ec5aedc043351b5d59/company-logo.svg","ACL":{"roles":[],"others":{"read":false,"create":false,"update":false,"delete":false,"sub_acl":{"read":false,"create":false,"update":false,"delete":false,"publish":false}}},"is_dir":false,"parent_uid":"bltb3bdb661fd4b1cc7","_version":3,"title":"Company Logo","description":"","publish_details":[{"environment":"blt3dfe0ed2ddf5fb14","locale":"en-us","time":"2021-03-05T09:04:03.963Z","user":"bltf01cfddcefa2394d","version":3},{"environment":"blt6f4046f0d8dea679","locale":"en-us","time":"2021-03-05T09:04:03.963Z","user":"bltf01cfddcefa2394d","version":3},{"environment":"blt3dfe0ed2ddf5fb14","locale":"fr-fr","time":"2021-02-11T06:40:27.082Z","user":"blt3167f0a16386ed8e","version":1},{"environment":"blt6f4046f0d8dea679","locale":"fr-fr","time":"2021-02-11T06:40:27.088Z","user":"blt3167f0a16386ed8e","version":1}]},"blte525b59d340d4637":{"uid":"blte525b59d340d4637","content_type":"image/jpeg","file_size":"148713","tags":[],"filename":"Mark_Twain_Headshot.jpg","url":"https://images.contentstack.io/v3/assets/bltd5108a60cd620ec1/blte525b59d340d4637/602239a0c9ba5826e0902e35/Mark_Twain_Headshot.jpg","ACL":{"roles":[],"others":{"read":false,"create":false,"update":false,"delete":false,"sub_acl":{"read":false,"create":false,"update":false,"delete":false,"publish":false}}},"is_dir":false,"parent_uid":"bltb694a1c53fb70657","_version":2,"title":"Mark Twain","description":"","publish_details":[{"environment":"blt3dfe0ed2ddf5fb14","locale":"en-us","time":"2021-03-05T09:10:21.065Z","user":"bltf01cfddcefa2394d","version":2},{"environment":"blt6f4046f0d8dea679","locale":"en-us","time":"2021-03-05T09:10:21.066Z","user":"bltf01cfddcefa2394d","version":2}]},"blt7516c2cd248ba685":{"uid":"blt7516c2cd248ba685","content_type":"image/jpeg","file_size":"12668","tags":[],"filename":"Jane_Austen_Headshot.jpg","url":"https://images.contentstack.io/v3/assets/bltd5108a60cd620ec1/blt7516c2cd248ba685/602239bb80b6ce3c818dbf76/Jane_Austen_Headshot.jpg","ACL":{"roles":[],"others":{"read":false,"create":false,"update":false,"delete":false,"sub_acl":{"read":false,"create":false,"update":false,"delete":false,"publish":false}}},"is_dir":false,"parent_uid":"bltb694a1c53fb70657","_version":2,"title":"Jane Austen","description":"","publish_details":[{"environment":"blt3dfe0ed2ddf5fb14","locale":"en-us","time":"2021-03-05T09:11:35.875Z","user":"bltf01cfddcefa2394d","version":2},{"environment":"blt6f4046f0d8dea679","locale":"en-us","time":"2021-03-05T09:11:35.875Z","user":"bltf01cfddcefa2394d","version":2}]},"blt7dd5ba1301f3e635":{"uid":"blt7dd5ba1301f3e635","content_type":"image/jpeg","file_size":"21913","tags":[],"filename":"Virginia_Woolf_Headshot.jpg","url":"https://images.contentstack.io/v3/assets/bltd5108a60cd620ec1/blt7dd5ba1301f3e635/6022399cd3bff034aa3dede1/Virginia_Woolf_Headshot.jpg","ACL":{"roles":[],"others":{"read":false,"create":false,"update":false,"delete":false,"sub_acl":{"read":false,"create":false,"update":false,"delete":false,"publish":false}}},"is_dir":false,"parent_uid":"bltb694a1c53fb70657","_version":2,"title":"Virginia Woolf","description":"","publish_details":[{"environment":"blt3dfe0ed2ddf5fb14","locale":"en-us","time":"2021-03-05T09:11:07.863Z","user":"bltf01cfddcefa2394d","version":2},{"environment":"blt6f4046f0d8dea679","locale":"en-us","time":"2021-03-05T09:11:07.863Z","user":"bltf01cfddcefa2394d","version":2}]},"blt7d90bf97ed82d585":{"uid":"blt7d90bf97ed82d585","content_type":"image/svg+xml","file_size":"26826","tags":[],"filename":"business-with-al.svg","url":"https://images.contentstack.io/v3/assets/bltd5108a60cd620ec1/blt7d90bf97ed82d585/6041d818f9638443346d4fd4/business-with-al.svg","ACL":{"roles":[],"others":{"read":false,"create":false,"update":false,"delete":false,"sub_acl":{"read":false,"create":false,"update":false,"delete":false,"publish":false}}},"is_dir":false,"parent_uid":"bltae711ace911ffd90","_version":3,"title":"Business With Al","description":"","publish_details":[{"environment":"blt3dfe0ed2ddf5fb14","locale":"en-us","time":"2021-03-05T07:16:06.802Z","user":"bltf01cfddcefa2394d","version":3},{"environment":"blt6f4046f0d8dea679","locale":"en-us","time":"2021-03-05T07:16:06.802Z","user":"bltf01cfddcefa2394d","version":3}]},"blt377b2541028bdb81":{"uid":"blt377b2541028bdb81","content_type":"image/svg+xml","file_size":"53205","tags":[],"filename":"headless-cms-solution.svg","url":"https://images.contentstack.io/v3/assets/bltd5108a60cd620ec1/blt377b2541028bdb81/6041d88dacf0d53d70c5c01f/headless-cms-solution.svg","ACL":{"roles":[],"others":{"read":false,"create":false,"update":false,"delete":false,"sub_acl":{"read":false,"create":false,"update":false,"delete":false,"publish":false}}},"is_dir":false,"parent_uid":"bltae711ace911ffd90","_version":4,"title":"Headless CMS Solution","description":"","publish_details":[{"environment":"blt3dfe0ed2ddf5fb14","locale":"en-us","time":"2021-03-05T07:16:06.784Z","user":"bltf01cfddcefa2394d","version":4},{"environment":"blt6f4046f0d8dea679","locale":"en-us","time":"2021-03-05T07:16:06.784Z","user":"bltf01cfddcefa2394d","version":4}]},"blt78b6f36895738abe":{"uid":"blt78b6f36895738abe","content_type":"image/png","file_size":"3938","tags":[],"filename":"cslogo.png","url":"https://images.contentstack.io/v3/assets/bltd5108a60cd620ec1/blt78b6f36895738abe/602239979d69eb3c868a2ec8/cslogo.png","ACL":{"roles":[],"others":{"read":false,"create":false,"update":false,"delete":false,"sub_acl":{"read":false,"create":false,"update":false,"delete":false,"publish":false}}},"is_dir":false,"parent_uid":"bltb3bdb661fd4b1cc7","_version":1,"title":"cslogo.png","publish_details":[{"environment":"blt3dfe0ed2ddf5fb14","locale":"en-us","time":"2021-02-09T07:28:25.314Z","user":"blt3167f0a16386ed8e","version":1},{"environment":"blt6f4046f0d8dea679","locale":"en-us","time":"2021-02-09T07:28:25.314Z","user":"blt3167f0a16386ed8e","version":1}]},"blte3474b23dfd48ef0":{"uid":"blte3474b23dfd48ef0","content_type":"image/jpeg","file_size":"2850","tags":[],"filename":"ben.jpeg","url":"https://images.contentstack.io/v3/assets/bltd5108a60cd620ec1/blte3474b23dfd48ef0/602239b1afcf563564a57431/ben.jpeg","ACL":{"roles":[],"others":{"read":false,"create":false,"update":false,"delete":false,"sub_acl":{"read":false,"create":false,"update":false,"delete":false,"publish":false}}},"is_dir":false,"parent_uid":"bltb694a1c53fb70657","_version":1,"title":"ben.jpeg","publish_details":[{"environment":"blt3dfe0ed2ddf5fb14","locale":"en-us","time":"2021-02-09T07:28:51.316Z","user":"blt3167f0a16386ed8e","version":1},{"environment":"blt6f4046f0d8dea679","locale":"en-us","time":"2021-02-09T07:28:51.317Z","user":"blt3167f0a16386ed8e","version":1}]},"blt3f8547bd59cd3033":{"uid":"blt3f8547bd59cd3033","content_type":"image/svg+xml","file_size":"32495","tags":[],"filename":"traditional-decoupled-_headless-cms.svg","url":"https://images.contentstack.io/v3/assets/bltd5108a60cd620ec1/blt3f8547bd59cd3033/6041da542d310e5a62e17d5d/traditional-decoupled-_headless-cms.svg","ACL":{"roles":[],"others":{"read":false,"create":false,"update":false,"delete":false,"sub_acl":{"read":false,"create":false,"update":false,"delete":false,"publish":false}}},"is_dir":false,"parent_uid":"bltae711ace911ffd90","_version":5,"title":"Traditional Decoupled Headless CMS","description":"","publish_details":[{"environment":"blt3dfe0ed2ddf5fb14","locale":"en-us","time":"2021-03-05T07:16:06.810Z","user":"bltf01cfddcefa2394d","version":5},{"environment":"blt6f4046f0d8dea679","locale":"en-us","time":"2021-03-05T07:16:06.810Z","user":"bltf01cfddcefa2394d","version":5}]},"blt346873a63bb74036":{"uid":"blt346873a63bb74036","content_type":"image/jpeg","file_size":"8494","tags":[],"filename":"AlbertEinstein.jpeg","url":"https://images.contentstack.io/v3/assets/bltd5108a60cd620ec1/blt346873a63bb74036/602239b8a100f639dc164b57/AlbertEinstein.jpeg","ACL":{"roles":[],"others":{"read":false,"create":false,"update":false,"delete":false,"sub_acl":{"read":false,"create":false,"update":false,"delete":false,"publish":false}}},"is_dir":false,"parent_uid":"bltb694a1c53fb70657","_version":1,"title":"AlbertEinstein.jpeg","publish_details":[{"environment":"blt3dfe0ed2ddf5fb14","locale":"en-us","time":"2021-02-09T07:28:57.874Z","user":"blt3167f0a16386ed8e","version":1},{"environment":"blt6f4046f0d8dea679","locale":"en-us","time":"2021-02-09T07:28:57.874Z","user":"blt3167f0a16386ed8e","version":1}]},"blta26f821fe4231b8b":{"uid":"blta26f821fe4231b8b","content_type":"image/svg+xml","file_size":"1053","tags":[],"filename":"bucket3.svg","url":"https://images.contentstack.io/v3/assets/bltd5108a60cd620ec1/blta26f821fe4231b8b/60263000c5cb9e7774e07193/bucket3.svg","ACL":{"roles":[],"others":{"read":false,"create":false,"update":false,"delete":false,"sub_acl":{"read":false,"create":false,"update":false,"delete":false,"publish":false}}},"is_dir":false,"parent_uid":"bltec4c6535e1052248","_version":1,"title":"bucket3.svg","publish_details":[{"environment":"blt3dfe0ed2ddf5fb14","locale":"en-us","time":"2021-02-12T07:38:30.748Z","user":"bltf01cfddcefa2394d","version":1},{"environment":"blt6f4046f0d8dea679","locale":"en-us","time":"2021-02-12T07:38:30.756Z","user":"bltf01cfddcefa2394d","version":1}]},"blt489f1f2dae6e4e1b":{"uid":"blt489f1f2dae6e4e1b","content_type":"image/svg+xml","file_size":"47003","tags":[],"filename":"modern-cloud-ecosystem.svg","url":"https://images.contentstack.io/v3/assets/bltd5108a60cd620ec1/blt489f1f2dae6e4e1b/6041d7c6acf0d53d70c5c01d/modern-cloud-ecosystem.svg","ACL":{"roles":[],"others":{"read":false,"create":false,"update":false,"delete":false,"sub_acl":{"read":false,"create":false,"update":false,"delete":false,"publish":false}}},"is_dir":false,"parent_uid":"bltae711ace911ffd90","_version":4,"title":"Modern Cloud Ecosystem","description":"","publish_details":[{"environment":"blt3dfe0ed2ddf5fb14","locale":"en-us","time":"2021-03-05T07:16:06.793Z","user":"bltf01cfddcefa2394d","version":4},{"environment":"blt6f4046f0d8dea679","locale":"en-us","time":"2021-03-05T07:16:06.793Z","user":"bltf01cfddcefa2394d","version":4}]},"blt184018807552b966":{"uid":"blt184018807552b966","content_type":"image/svg+xml","file_size":"706","tags":[],"filename":"bucket1.svg","url":"https://images.contentstack.io/v3/assets/bltd5108a60cd620ec1/blt184018807552b966/6026300072d7cb70d82efce9/bucket1.svg","ACL":{"roles":[],"others":{"read":false,"create":false,"update":false,"delete":false,"sub_acl":{"read":false,"create":false,"update":false,"delete":false,"publish":false}}},"is_dir":false,"parent_uid":"bltec4c6535e1052248","_version":1,"title":"bucket1.svg","publish_details":[{"environment":"blt3dfe0ed2ddf5fb14","locale":"en-us","time":"2021-02-12T07:38:30.714Z","user":"bltf01cfddcefa2394d","version":1},{"environment":"blt6f4046f0d8dea679","locale":"en-us","time":"2021-02-12T07:38:30.724Z","user":"bltf01cfddcefa2394d","version":1}]},"blt4328c9d822a79dae":{"uid":"blt4328c9d822a79dae","content_type":"image/svg+xml","file_size":"1314","tags":[],"filename":"bucket2.svg","url":"https://images.contentstack.io/v3/assets/bltd5108a60cd620ec1/blt4328c9d822a79dae/602630002edec315b7db34bb/bucket2.svg","ACL":{"roles":[],"others":{"read":false,"create":false,"update":false,"delete":false,"sub_acl":{"read":false,"create":false,"update":false,"delete":false,"publish":false}}},"is_dir":false,"parent_uid":"bltec4c6535e1052248","_version":1,"title":"bucket2.svg","publish_details":[{"environment":"blt3dfe0ed2ddf5fb14","locale":"en-us","time":"2021-02-12T07:38:30.733Z","user":"bltf01cfddcefa2394d","version":1},{"environment":"blt6f4046f0d8dea679","locale":"en-us","time":"2021-02-12T07:38:30.740Z","user":"bltf01cfddcefa2394d","version":1}]},"blt6cc63900ecd1d9e4":{"uid":"blt6cc63900ecd1d9e4","content_type":"image/svg+xml","file_size":"579","tags":[],"filename":"Icon_Artwork_1.svg","url":"https://images.contentstack.io/v3/assets/bltd5108a60cd620ec1/blt6cc63900ecd1d9e4/602633c8505c757773befb26/Icon_Artwork_1.svg","ACL":{"roles":[],"others":{"read":false,"create":false,"update":false,"delete":false,"sub_acl":{"read":false,"create":false,"update":false,"delete":false,"publish":false}}},"is_dir":false,"parent_uid":"blt8d564f31a6865f94","_version":1,"title":"Icon_Artwork_1.svg","publish_details":[{"environment":"blt3dfe0ed2ddf5fb14","locale":"en-us","time":"2021-02-12T07:54:17.693Z","user":"blt161e02c9fffa78f6","version":1},{"environment":"blt6f4046f0d8dea679","locale":"en-us","time":"2021-02-12T07:54:17.701Z","user":"blt161e02c9fffa78f6","version":1}]},"bltda1c51badc8eff82":{"uid":"bltda1c51badc8eff82","content_type":"image/svg+xml","file_size":"1849","tags":[],"filename":"Icon_Artwork_2.svg","url":"https://images.contentstack.io/v3/assets/bltd5108a60cd620ec1/bltda1c51badc8eff82/602633c811761e42b185d5f8/Icon_Artwork_2.svg","ACL":{"roles":[],"others":{"read":false,"create":false,"update":false,"delete":false,"sub_acl":{"read":false,"create":false,"update":false,"delete":false,"publish":false}}},"is_dir":false,"parent_uid":"blt8d564f31a6865f94","_version":1,"title":"Icon_Artwork_2.svg","publish_details":[{"environment":"blt3dfe0ed2ddf5fb14","locale":"en-us","time":"2021-02-12T07:54:17.672Z","user":"blt161e02c9fffa78f6","version":1},{"environment":"blt6f4046f0d8dea679","locale":"en-us","time":"2021-02-12T07:54:17.682Z","user":"blt161e02c9fffa78f6","version":1}]},"blt7bb647fd4e495e99":{"uid":"blt7bb647fd4e495e99","content_type":"image/svg+xml","file_size":"1436","tags":[],"filename":"Twitter.svg","url":"https://images.contentstack.io/v3/assets/bltd5108a60cd620ec1/blt7bb647fd4e495e99/6026a2e7befc761ffff9c14e/Twitter.svg","ACL":{"roles":[],"others":{"read":false,"create":false,"update":false,"delete":false,"sub_acl":{"read":false,"create":false,"update":false,"delete":false,"publish":false}}},"is_dir":false,"parent_uid":"bltec4c6535e1052248","_version":1,"title":"Twitter.svg","publish_details":[{"environment":"blt3dfe0ed2ddf5fb14","locale":"en-us","time":"2021-02-12T15:51:35.636Z","user":"bltf01cfddcefa2394d","version":1},{"environment":"blt6f4046f0d8dea679","locale":"en-us","time":"2021-02-12T15:51:35.645Z","user":"bltf01cfddcefa2394d","version":1}]},"bltc95bd18b4647e868":{"uid":"bltc95bd18b4647e868","content_type":"image/svg+xml","file_size":"1288","tags":[],"filename":"facebook.svg","url":"https://images.contentstack.io/v3/assets/bltd5108a60cd620ec1/bltc95bd18b4647e868/6026a2b6c510c822726ca8c1/facebook.svg","ACL":{"roles":[],"others":{"read":false,"create":false,"update":false,"delete":false,"sub_acl":{"read":false,"create":false,"update":false,"delete":false,"publish":false}}},"is_dir":false,"parent_uid":"bltec4c6535e1052248","_version":1,"title":"facebook.svg","publish_details":[{"environment":"blt3dfe0ed2ddf5fb14","locale":"en-us","time":"2021-02-12T15:51:35.616Z","user":"bltf01cfddcefa2394d","version":1},{"environment":"blt6f4046f0d8dea679","locale":"en-us","time":"2021-02-12T15:51:35.628Z","user":"bltf01cfddcefa2394d","version":1}]},"blteb7f9b3b97757f80":{"uid":"blteb7f9b3b97757f80","content_type":"image/svg+xml","file_size":"806","tags":[],"filename":"Instagram.svg","url":"https://images.contentstack.io/v3/assets/bltd5108a60cd620ec1/blteb7f9b3b97757f80/6026a37565b2902278abaa3f/Instagram.svg","ACL":{"roles":[],"others":{"read":false,"create":false,"update":false,"delete":false,"sub_acl":{"read":false,"create":false,"update":false,"delete":false,"publish":false}}},"is_dir":false,"parent_uid":"bltec4c6535e1052248","_version":2,"title":"Instagram.svg","description":"","publish_details":[{"environment":"blt3dfe0ed2ddf5fb14","locale":"en-us","time":"2021-02-12T15:51:35.660Z","user":"bltf01cfddcefa2394d","version":2},{"environment":"blt6f4046f0d8dea679","locale":"en-us","time":"2021-02-12T15:51:35.669Z","user":"bltf01cfddcefa2394d","version":2}]},"bltbb15e28317c9c9b1":{"uid":"bltbb15e28317c9c9b1","content_type":"image/svg+xml","file_size":"2584878","tags":[],"filename":"map-of-brimingham-city.svg","url":"https://images.contentstack.io/v3/assets/bltd5108a60cd620ec1/bltbb15e28317c9c9b1/6041d72d08636f3d7749b45d/map-of-brimingham-city.svg","ACL":{"roles":[],"others":{"read":false,"create":false,"update":false,"delete":false,"sub_acl":{"read":false,"create":false,"update":false,"delete":false,"publish":false}}},"is_dir":false,"parent_uid":"blt51651fb12ee0584e","_version":4,"title":"Map Of Birmingham City","description":"","publish_details":[{"environment":"blt6f4046f0d8dea679","locale":"en-us","time":"2021-03-05T07:16:57.587Z","user":"bltf01cfddcefa2394d","version":4},{"environment":"blt3dfe0ed2ddf5fb14","locale":"en-us","time":"2021-03-05T07:16:57.587Z","user":"bltf01cfddcefa2394d","version":4}]},"blt3b88f2e82bf4d793":{"uid":"blt3b88f2e82bf4d793","content_type":"image/svg+xml","file_size":"32524","tags":[],"filename":"data-mining.svg","url":"https://images.contentstack.io/v3/assets/bltd5108a60cd620ec1/blt3b88f2e82bf4d793/6041d846fef76d094c701d56/data-mining.svg","ACL":{"roles":[],"others":{"read":false,"create":false,"update":false,"delete":false,"sub_acl":{"read":false,"create":false,"update":false,"delete":false,"publish":false}}},"is_dir":false,"parent_uid":"bltae711ace911ffd90","_version":5,"title":"Data Mining","description":"","publish_details":[{"environment":"blt3dfe0ed2ddf5fb14","locale":"en-us","time":"2021-03-05T07:16:06.818Z","user":"bltf01cfddcefa2394d","version":5},{"environment":"blt6f4046f0d8dea679","locale":"en-us","time":"2021-03-05T07:16:06.818Z","user":"bltf01cfddcefa2394d","version":5}]}}