[{"uid":"blt560e8a41fa9d382e","content_type":"image/svg+xml","file_size":"11085","tags":[],"filename":"Logo.svg","url":"https://images.contentstack.io/v3/assets/bltd5108a60cd620ec1/blt560e8a41fa9d382e/60228a345f9b2812764c2f2d/Logo.svg","ACL":{},"is_dir":false,"parent_uid":"bltb3bdb661fd4b1cc7","_version":1,"title":"Logo.svg","publish_details":[{"environment":"blt3dfe0ed2ddf5fb14","locale":"en-us","time":"2021-03-05T09:04:03.963Z","user":"bltf01cfddcefa2394d","version":3},{"environment":"blt6f4046f0d8dea679","locale":"en-us","time":"2021-03-05T09:04:03.963Z","user":"bltf01cfddcefa2394d","version":3},{"environment":"blt3dfe0ed2ddf5fb14","locale":"fr-fr","time":"2021-02-11T06:40:27.082Z","user":"blt3167f0a16386ed8e","version":1},{"environment":"blt6f4046f0d8dea679","locale":"fr-fr","time":"2021-02-11T06:40:27.088Z","user":"blt3167f0a16386ed8e","version":1}]},{"uid":"blt560e8a41fa9d382e","content_type":"image/svg+xml","file_size":"11085","tags":[],"filename":"company-logo.svg","url":"https://images.contentstack.io/v3/assets/bltd5108a60cd620ec1/blt560e8a41fa9d382e/6041f3ec5aedc043351b5d59/company-logo.svg","ACL":{},"is_dir":false,"parent_uid":"bltb3bdb661fd4b1cc7","_version":2,"title":"Logo.svg","description":"","publish_details":[{"environment":"blt3dfe0ed2ddf5fb14","locale":"en-us","time":"2021-03-05T09:04:03.963Z","user":"bltf01cfddcefa2394d","version":3},{"environment":"blt6f4046f0d8dea679","locale":"en-us","time":"2021-03-05T09:04:03.963Z","user":"bltf01cfddcefa2394d","version":3},{"environment":"blt3dfe0ed2ddf5fb14","locale":"fr-fr","time":"2021-02-11T06:40:27.082Z","user":"blt3167f0a16386ed8e","version":1},{"environment":"blt6f4046f0d8dea679","locale":"fr-fr","time":"2021-02-11T06:40:27.088Z","user":"blt3167f0a16386ed8e","version":1}]},{"uid":"blt560e8a41fa9d382e","content_type":"image/svg+xml","file_size":"11085","tags":[],"filename":"company-logo.svg","url":"https://images.contentstack.io/v3/assets/bltd5108a60cd620ec1/blt560e8a41fa9d382e/6041f3ec5aedc043351b5d59/company-logo.svg","ACL":{},"is_dir":false,"parent_uid":"bltb3bdb661fd4b1cc7","_version":3,"title":"Company Logo","description":"","publish_details":[{"environment":"blt3dfe0ed2ddf5fb14","locale":"en-us","time":"2021-03-05T09:04:03.963Z","user":"bltf01cfddcefa2394d","version":3},{"environment":"blt6f4046f0d8dea679","locale":"en-us","time":"2021-03-05T09:04:03.963Z","user":"bltf01cfddcefa2394d","version":3},{"environment":"blt3dfe0ed2ddf5fb14","locale":"fr-fr","time":"2021-02-11T06:40:27.082Z","user":"blt3167f0a16386ed8e","version":1},{"environment":"blt6f4046f0d8dea679","locale":"fr-fr","time":"2021-02-11T06:40:27.088Z","user":"blt3167f0a16386ed8e","version":1}]}]