[{"uid":"blt3f8547bd59cd3033","content_type":"image/svg+xml","file_size":"32495","tags":[],"filename":"Image_(2).svg","url":"https://images.contentstack.io/v3/assets/bltd5108a60cd620ec1/blt3f8547bd59cd3033/6024eda3f4a7946af0338407/Image_(2).svg","ACL":{},"is_dir":false,"parent_uid":"bltae711ace911ffd90","_version":1,"title":"Image_(2).svg","publish_details":[{"environment":"blt3dfe0ed2ddf5fb14","locale":"en-us","time":"2021-03-05T07:16:06.810Z","user":"bltf01cfddcefa2394d","version":5},{"environment":"blt6f4046f0d8dea679","locale":"en-us","time":"2021-03-05T07:16:06.810Z","user":"bltf01cfddcefa2394d","version":5}]},{"uid":"blt3f8547bd59cd3033","content_type":"image/svg+xml","file_size":"32495","tags":[],"filename":"traditional-decoupled-_headless-cms.svg","url":"https://images.contentstack.io/v3/assets/bltd5108a60cd620ec1/blt3f8547bd59cd3033/6041d94a7b7aea45bd9f5a80/traditional-decoupled-_headless-cms.svg","ACL":{},"is_dir":false,"parent_uid":"bltae711ace911ffd90","_version":2,"title":"Image_(2).svg","description":"","publish_details":[{"environment":"blt3dfe0ed2ddf5fb14","locale":"en-us","time":"2021-03-05T07:16:06.810Z","user":"bltf01cfddcefa2394d","version":5},{"environment":"blt6f4046f0d8dea679","locale":"en-us","time":"2021-03-05T07:16:06.810Z","user":"bltf01cfddcefa2394d","version":5}]},{"uid":"blt3f8547bd59cd3033","content_type":"image/svg+xml","file_size":"32495","tags":[],"filename":"traditional-decoupled-_headless-cms.svg","url":"https://images.contentstack.io/v3/assets/bltd5108a60cd620ec1/blt3f8547bd59cd3033/6041d94a7b7aea45bd9f5a80/traditional-decoupled-_headless-cms.svg","ACL":{},"is_dir":false,"parent_uid":"bltae711ace911ffd90","_version":3,"title":"traditional-decoupled-_headless-cms","description":"","publish_details":[{"environment":"blt3dfe0ed2ddf5fb14","locale":"en-us","time":"2021-03-05T07:16:06.810Z","user":"bltf01cfddcefa2394d","version":5},{"environment":"blt6f4046f0d8dea679","locale":"en-us","time":"2021-03-05T07:16:06.810Z","user":"bltf01cfddcefa2394d","version":5}]},{"uid":"blt3f8547bd59cd3033","content_type":"image/svg+xml","file_size":"32495","tags":[],"filename":"traditional-decoupled-_headless-cms.svg","url":"https://images.contentstack.io/v3/assets/bltd5108a60cd620ec1/blt3f8547bd59cd3033/6041d94a7b7aea45bd9f5a80/traditional-decoupled-_headless-cms.svg","ACL":{},"is_dir":false,"parent_uid":"bltae711ace911ffd90","_version":4,"title":"Traditional Decoupled Headless CMS","description":"","publish_details":[{"environment":"blt3dfe0ed2ddf5fb14","locale":"en-us","time":"2021-03-05T07:16:06.810Z","user":"bltf01cfddcefa2394d","version":5},{"environment":"blt6f4046f0d8dea679","locale":"en-us","time":"2021-03-05T07:16:06.810Z","user":"bltf01cfddcefa2394d","version":5}]},{"uid":"blt3f8547bd59cd3033","content_type":"image/svg+xml","file_size":"32495","tags":[],"filename":"traditional-decoupled-_headless-cms.svg","url":"https://images.contentstack.io/v3/assets/bltd5108a60cd620ec1/blt3f8547bd59cd3033/6041da542d310e5a62e17d5d/traditional-decoupled-_headless-cms.svg","ACL":{},"is_dir":false,"parent_uid":"bltae711ace911ffd90","_version":5,"title":"Traditional Decoupled Headless CMS","description":"","publish_details":[{"environment":"blt3dfe0ed2ddf5fb14","locale":"en-us","time":"2021-03-05T07:16:06.810Z","user":"bltf01cfddcefa2394d","version":5},{"environment":"blt6f4046f0d8dea679","locale":"en-us","time":"2021-03-05T07:16:06.810Z","user":"bltf01cfddcefa2394d","version":5}]}]