[{"uid":"bltffed837d695021c9","content_type":"image/jpeg","file_size":"41768","tags":[],"filename":"Maya_Angelou_Headshot.jpg","url":"https://images.contentstack.io/v3/assets/bltd5108a60cd620ec1/bltffed837d695021c9/602239aa0a9d8237b15ece9b/Maya_Angelou_Headshot.jpg","ACL":{},"is_dir":false,"parent_uid":"bltb694a1c53fb70657","_version":1,"title":"Maya_Angelou_Headshot.jpg","publish_details":[{"environment":"blt3dfe0ed2ddf5fb14","locale":"en-us","time":"2021-03-05T09:10:00.747Z","user":"bltf01cfddcefa2394d","version":2},{"environment":"blt6f4046f0d8dea679","locale":"en-us","time":"2021-03-05T09:10:00.747Z","user":"bltf01cfddcefa2394d","version":2}]},{"uid":"bltffed837d695021c9","content_type":"image/jpeg","file_size":"41768","tags":[],"filename":"Maya_Angelou_Headshot.jpg","url":"https://images.contentstack.io/v3/assets/bltd5108a60cd620ec1/bltffed837d695021c9/602239aa0a9d8237b15ece9b/Maya_Angelou_Headshot.jpg","ACL":{},"is_dir":false,"parent_uid":"bltb694a1c53fb70657","_version":2,"title":"Maya Angelou","description":"","publish_details":[{"environment":"blt3dfe0ed2ddf5fb14","locale":"en-us","time":"2021-03-05T09:10:00.747Z","user":"bltf01cfddcefa2394d","version":2},{"environment":"blt6f4046f0d8dea679","locale":"en-us","time":"2021-03-05T09:10:00.747Z","user":"bltf01cfddcefa2394d","version":2}]}]