[{"uid":"blt3b88f2e82bf4d793","content_type":"image/svg+xml","file_size":"32524","tags":[],"filename":"Image_3.svg","url":"https://images.contentstack.io/v3/assets/bltd5108a60cd620ec1/blt3b88f2e82bf4d793/6024eda33e70bb4c12c71ace/Image_3.svg","ACL":{},"is_dir":false,"parent_uid":"bltae711ace911ffd90","_version":1,"title":"Image_3.svg","publish_details":[{"environment":"blt3dfe0ed2ddf5fb14","locale":"en-us","time":"2021-03-05T07:16:06.818Z","user":"bltf01cfddcefa2394d","version":5},{"environment":"blt6f4046f0d8dea679","locale":"en-us","time":"2021-03-05T07:16:06.818Z","user":"bltf01cfddcefa2394d","version":5}]},{"uid":"blt3b88f2e82bf4d793","content_type":"image/svg+xml","file_size":"32524","tags":[],"filename":"Image_3.svg","url":"https://images.contentstack.io/v3/assets/bltd5108a60cd620ec1/blt3b88f2e82bf4d793/6024eda33e70bb4c12c71ace/Image_3.svg","ACL":{},"is_dir":false,"parent_uid":"bltae711ace911ffd90","_version":2,"title":"Image_3.svg","description":"","publish_details":[{"environment":"blt3dfe0ed2ddf5fb14","locale":"en-us","time":"2021-03-05T07:16:06.818Z","user":"bltf01cfddcefa2394d","version":5},{"environment":"blt6f4046f0d8dea679","locale":"en-us","time":"2021-03-05T07:16:06.818Z","user":"bltf01cfddcefa2394d","version":5}]},{"uid":"blt3b88f2e82bf4d793","content_type":"image/svg+xml","file_size":"32524","tags":[],"filename":"data-mining.svg","url":"https://images.contentstack.io/v3/assets/bltd5108a60cd620ec1/blt3b88f2e82bf4d793/6041d846fef76d094c701d56/data-mining.svg","ACL":{},"is_dir":false,"parent_uid":"bltae711ace911ffd90","_version":3,"title":"Image_3.svg","description":"","publish_details":[{"environment":"blt3dfe0ed2ddf5fb14","locale":"en-us","time":"2021-03-05T07:16:06.818Z","user":"bltf01cfddcefa2394d","version":5},{"environment":"blt6f4046f0d8dea679","locale":"en-us","time":"2021-03-05T07:16:06.818Z","user":"bltf01cfddcefa2394d","version":5}]},{"uid":"blt3b88f2e82bf4d793","content_type":"image/svg+xml","file_size":"32524","tags":[],"filename":"data-mining.svg","url":"https://images.contentstack.io/v3/assets/bltd5108a60cd620ec1/blt3b88f2e82bf4d793/6041d846fef76d094c701d56/data-mining.svg","ACL":{},"is_dir":false,"parent_uid":"bltae711ace911ffd90","_version":4,"title":"Image_3.svg","description":"","publish_details":[{"environment":"blt3dfe0ed2ddf5fb14","locale":"en-us","time":"2021-03-05T07:16:06.818Z","user":"bltf01cfddcefa2394d","version":5},{"environment":"blt6f4046f0d8dea679","locale":"en-us","time":"2021-03-05T07:16:06.818Z","user":"bltf01cfddcefa2394d","version":5}]},{"uid":"blt3b88f2e82bf4d793","content_type":"image/svg+xml","file_size":"32524","tags":[],"filename":"data-mining.svg","url":"https://images.contentstack.io/v3/assets/bltd5108a60cd620ec1/blt3b88f2e82bf4d793/6041d846fef76d094c701d56/data-mining.svg","ACL":{},"is_dir":false,"parent_uid":"bltae711ace911ffd90","_version":5,"title":"Data Mining","description":"","publish_details":[{"environment":"blt3dfe0ed2ddf5fb14","locale":"en-us","time":"2021-03-05T07:16:06.818Z","user":"bltf01cfddcefa2394d","version":5},{"environment":"blt6f4046f0d8dea679","locale":"en-us","time":"2021-03-05T07:16:06.818Z","user":"bltf01cfddcefa2394d","version":5}]}]